{
  "rows": 200,
  "features": [
    "my_acpl",
    "my_blunder_count",
    "my_avg_secs_per_move",
    "result",
    "games_played",
    "speed_vs_start",
    "session_pl",
    "loss_streak",
    "roll_5_acpl_mean",
    "roll_5_time_per_move",
    "log_break_time",
    "tod_morning",
    "tod_midday",
    "tod_evening",
    "tod_night"
  ],
  "cv_auc_scores": [
    0.8076923076923077,
    1.0,
    0.7432950191570881,
    0.771551724137931,
    0.7782258064516129
  ],
  "cv_auc_mean": 0.8201529714877879,
  "cv_auc_std": 0.09222508883736268,
  "threshold": 0.7800000000000005,
  "baseline_rating_diff_sum": 13.0,
  "optimized_rating_diff_sum": 225.0,
  "estimated_gain": 212.0
}